<?xml version="1.0" encoding="UTF-8"?>
<!--
        Licensed to the Apache Software Foundation (ASF) under one or more
        contributor license agreements. See the NOTICE file distributed with
        this work for additional information regarding copyright ownership.
        The ASF licenses this file to You under the Apache License, Version
        2.0 (the "License"); you may not use this file except in compliance
        with the License. You may obtain a copy of the License at

        http://www.apache.org/licenses/LICENSE-2.0 Unless required by
        applicable law or agreed to in writing, software distributed under the
        License is distributed on an "AS IS" BASIS, WITHOUT WARRANTIES OR
        CONDITIONS OF ANY KIND, either express or implied. See the License for
        the specific language governing permissions and limitations under the
        License.
-->
<beans xmlns="http://www.springframework.org/schema/beans" 
	xmlns:xsi="http://www.w3.org/2001/XMLSchema-instance" 
	xmlns:jaxws="http://cxf.apache.org/jaxws" 
	xsi:schemaLocation="
		http://www.springframework.org/schema/beans http://www.springframework.org/schema/beans/spring-beans.xsd
		http://www.springframework.org/schema/context http://www.springframework.org/schema/context/spring-context.xsd
		http://cxf.apache.org/core http://cxf.apache.org/schemas/core.xsd
		http://cxf.apache.org/jaxws http://cxf.apache.org/schemas/jaxws.xsd">

	<!-- Make sure to use ConnectionPooling to achieve a good performance.
		 Do not forget the destroy-method as else the JVM will hang on shutdown -->
	<bean id="jmsConnectionFactory" class="org.apache.activemq.jms.pool.PooledConnectionFactory" destroy-method="stop">
		<property name="connectionFactory">
    		<bean id="jmsConnectionFactory" class="org.apache.activemq.ActiveMQConnectionFactory">
    			<property name="brokerURL" value="tcp://localhost:61616"/>
    		</bean>
    	</property>
    </bean>

    <!-- JMS Endpoint -->
    <jaxws:endpoint xmlns:customer="http://customerservice.example.com/" 
    	id="CustomerServiceHTTP" 
    	address="jms:queue:test.queue" 
    	implementor="com.example.customerservice.server.CustomerServiceImpl">
        <jaxws:features>
            <bean class="org.apache.cxf.ext.logging.LoggingFeature"/>
            
            <!-- We use the feature to inject the ConnectionFactory. This approach also allows to publish
            	a java first service as we need no jms config in the wsdl.
            	Alternatively the ConnectionFactory can also be looked up using jndi like shown in the jms_queue example -->
            <bean class="org.apache.cxf.transport.jms.ConnectionFactoryFeature">
            	<constructor-arg ref="jmsConnectionFactory"/>
            </bean>
        </jaxws:features>
    </jaxws:endpoint>
</beans>
