<?xml version="1.0" encoding="UTF-8"?>
<!--
  Licensed to the Apache Software Foundation (ASF) under one
  or more contributor license agreements. See the NOTICE file
  distributed with this work for additional information
  regarding copyright ownership. The ASF licenses this file
  to you under the Apache License, Version 2.0 (the
  "License"); you may not use this file except in compliance
  with the License. You may obtain a copy of the License at
 
  http://www.apache.org/licenses/LICENSE-2.0
 
  Unless required by applicable law or agreed to in writing,
  software distributed under the License is distributed on an
  "AS IS" BASIS, WITHOUT WARRANTIES OR CONDITIONS OF ANY
  KIND, either express or implied. See the License for the
  specific language governing permissions and limitations
  under the License.
-->
<toolspec xmlns:xsi="http://www.w3.org/2001/XMLSchema-instance" xmlns:xhtml="http://www.w3.org/TR/xhtml1/strict" xmlns="http://cxf.apache.org/Xutil/ToolSpecification" xmlns:ts="http://cxf.apache.org/Xutil/ToolSpecification" xsi:schemaLocation="http://cxf.apache.org/Xutil/ToolSpecification http://cxf.apache.org/schema/xutil/tool-specification.xsd">
    <annotation> 
Examples :

wsdl2xml -i GreetPortType -a address TestGreeting.wsdl
    </annotation>
    <usage>
        <optionGroup id="options">
            <option id="porttype" minOccurs="1" maxOccurs="1">
                <annotation>
                            Specifies the portType to use.
                          </annotation>
                <switch>i</switch>
                <associatedArgument placement="afterSpace">
                    <annotation>port-type-name</annotation>
                </associatedArgument>
            </option>
            <option id="binding" maxOccurs="1">
                <annotation>
                            Specifies the binding name to use.
                        </annotation>
                <switch>b</switch>
                <associatedArgument placement="afterSpace">
                    <annotation>binding-name</annotation>
                </associatedArgument>
            </option>
            <option id="service" maxOccurs="1">
                <annotation>
                            Specifies the name of the generated service.
                        </annotation>
                <switch>e</switch>
                <associatedArgument placement="afterSpace">
                    <annotation>service-name</annotation>
                </associatedArgument>
            </option>
            <option id="port" maxOccurs="1">
                <annotation>
                            Specifies the value of the name attribute of the generated 
                            port element
                        </annotation>
                <switch>p</switch>
                <associatedArgument placement="afterSpace">
                    <annotation>port-name</annotation>
                </associatedArgument>
            </option>
            <option id="address" maxOccurs="1">
                <annotation>
                            Specifies the value used in the address element of the port
                        </annotation>
                <switch>a</switch>
                <switch>address</switch>
                <associatedArgument placement="afterSpace">
                    <annotation>address</annotation>
                </associatedArgument>
            </option>
            <option id="outputdir" maxOccurs="1">
                <annotation>
                            The directory in which the generated wsdl is placed
                        </annotation>
                <switch>d</switch>
                <associatedArgument placement="afterSpace">
                    <annotation>output-directory</annotation>
                </associatedArgument>
            </option>
            <option id="outputfile" maxOccurs="1">
                <annotation>
                            The wsdl output file name.
                        </annotation>
                <switch>o</switch>
                <switch>output</switch>
                <associatedArgument placement="afterSpace">
                    <annotation>output-file</annotation>
                </associatedArgument>
            </option>
        </optionGroup>
        <optionGroup id="common_options">
            <option id="help" maxOccurs="1">
                <annotation>
                            Display detailed information for options.
                        </annotation>
                <switch>h</switch>
                <switch>?</switch>
                <switch>help</switch>
            </option>
            <option id="version">
                <annotation>
                            Display the version of the tool.
                        </annotation>
                <switch>version</switch>
                <switch>v</switch>
            </option>
            <option id="verbose">
                <annotation>
                            Verbose mode
                        </annotation>
                <switch>verbose</switch>
                <switch>V</switch>
            </option>
            <option id="quiet">
                <annotation>
                            Quiet mode
                        </annotation>
                <switch>quiet</switch>
                <switch>q</switch>
                <switch>Q</switch>
            </option>
        </optionGroup>
        <argument id="wsdlurl" minOccurs="1" maxOccurs="1">
            <annotation>
                            WSDL URL
                       </annotation>
        </argument>
    </usage>
</toolspec>
